{"cameraMode":{"drawMode":0,"name":"Shaded","section":"Shading Mode"},"sceneLighting":true,"audioPlay":false,"sceneViewState":{"m_AlwaysRefresh":false,"showFog":true,"showSkybox":true,"showFlares":true,"showImageEffects":true,"showParticleSystems":true,"showVisualEffectGraphs":true,"m_FxEnabled":true},"in2DMode":false,"pivot":{"x":-774.3521728515625,"y":-61.585784912109378,"z":161.13400268554688},"rotation":{"x":-0.15247109532356263,"y":0.33178579807281496,"z":-0.05443226918578148,"w":-0.9293712973594666},"size":198.39588928222657,"orthographic":false}